{
    "idSave": 2,
    "isFirstSession": false,
    "language": "ru",
    "promptDone": false,
    "money": 58,
    "moneypersec": 13.0,
    "Floors": [
        {
            "instanceID": 87000
        },
        {
            "instanceID": -39874
        }
    ],
    "FloorPositions": [
        {
            "x": -4.862893581390381,
            "y": -18.450000762939454,
            "z": -91.29000091552735
        },
        {
            "x": -4.862893581390381,
            "y": -6.574968338012695,
            "z": -91.29000091552735
        }
    ],
    "newPlayerName": "Hello!",
    "openLevels": [
        false,
        true,
        false
    ]
}